Website,Company Name
Archiexpo,2eva Energy Consultants
Archiexpo,Alpha Furniture
Archiexpo,Ballygowan Sustainable Solutions
Archiexpo,Bengglas
Archiexpo,BioHeat
Archiexpo,Building Profiles
Archiexpo,Crown Paints
Archiexpo,Daikin
Archiexpo,Dormakaba Uk & Ireland
Archiexpo,Ecocel
Archiexpo,Ecological Building Systems
Archiexpo,Edgeform Metals Ltd
Archiexpo,Eurotec Safety Services
Archiexpo,EVHACS
Archiexpo,Finsa Ireland
Archiexpo,Fleetwood Paint
Archiexpo,Forbo Ireland
Archiexpo,Glenfort Timber Engineering
Archiexpo,Graepels Perforators & Weavers
Archiexpo,Halo Tiles and Bathrooms
Archiexpo,Ibstock Bricks
Archiexpo,iDomus | Engineered Timber Construction
Archiexpo,Interie
Archiexpo,Irish Door Systems Ltd
Archiexpo,Kawneer
Archiexpo,Kemwell Fire International Ltd
Archiexpo,Kilsaran
Archiexpo,K Systems
Archiexpo,Kingscourt Country Manor Bricks
Archiexpo,Lifesize Plans Leinster
Archiexpo,O’Hagan Design
Archiexpo,Partel Ireland
Archiexpo,Passive Sills
Archiexpo,Porta Steel Doors
Archiexpo,Proctor Group
Archiexpo,PVC Coating
Archiexpo,Richardson Ceramics
Archiexpo,Rimex Metals UK
Archiexpo,Rothoblaas srl
Archiexpo,Salto Systems
Archiexpo,Seadec
Archiexpo,Sika Ireland Limited
Archiexpo,Soprema Ltd
Archiexpo,Spear Security Ltd
Archiexpo,Stone Seal
Archiexpo,SwissPearl
Archiexpo,Synergie Futureproofing Solutions & Correll Architectural Timber
Archiexpo,Teroco Windows & Doors
Archiexpo,The Interiors Association
Archiexpo,Universal Graphics Ltd
Archiexpo,Unilin Insulation
Archiexpo,Velux
Archiexpo,Vindr Vs Limited
Archiexpo,Whiteriver Group & Seadec
Austgamingexpo,AAC Solutions
Austgamingexpo,Abacus Cash Systems
Austgamingexpo,ADATA Industrial
Austgamingexpo,AGS
Austgamingexpo,Ainsworth Game Technology
Austgamingexpo,Alfresco Spaces  Australia Pty Ltd
Austgamingexpo,Allara Global
Austgamingexpo,Allpride Signs & Marketing
Austgamingexpo,Andale Beer Systems
Austgamingexpo,Angel Australasia Pty Ltd
Austgamingexpo,Apacer Technology Inc.
Austgamingexpo,Armaguard Group
Austgamingexpo,Aruze Gaming Australia Pty Ltd
Austgamingexpo,ASUS Global Pte Ltd
Austgamingexpo,Atmosphere Custom Furniture
Austgamingexpo,Audalize
Austgamingexpo,AusComply
Austgamingexpo,Aussie Beer Tubes & Cocktail Balloons
Austgamingexpo,Aussport Scoreboards and Screens
Austgamingexpo,Australian Liquor Marketers
Austgamingexpo,Australian Vintage Limited (Tempus Two)
Austgamingexpo,Authentic Group – Apparel
Austgamingexpo,Axminster Distributors
Austgamingexpo,The Banktech Group
Austgamingexpo,Barrington Group Australia
Austgamingexpo,BDO in Australia
Austgamingexpo,Becas Technology
Austgamingexpo,Bepoz
Austgamingexpo,Bevcon Beer and Beverage Systems
Austgamingexpo,Big Boyz Poker
Austgamingexpo,Big Screen Video Sales Pty Ltd
Austgamingexpo,Big Top Amusements
Austgamingexpo,Bingo Australia Pty Ltd
Austgamingexpo,Bite Size Group
Austgamingexpo,BMM Testlabs
Austgamingexpo,Boden Projects Pty Ltd
Austgamingexpo,Bowls NSW Ltd
Austgamingexpo,Brighton Technologies Group
Austgamingexpo,Brintons Carpets & Rugs
Austgamingexpo,Bromic
Austgamingexpo,BSG Australia
Austgamingexpo,BSPN Architecture
Austgamingexpo,Buzz Consultants
Austgamingexpo,Camvex Video Surveillance systems
Austgamingexpo,Capermint Technologies – A Gaming Studio
Austgamingexpo,Capital Design Works
Austgamingexpo,Carlton & United Breweries
Austgamingexpo,Carlyle Bakery & Hospitality Equipment
Austgamingexpo,Cashpoint Payment Solutions
Austgamingexpo,Casino Consoles Australia
Austgamingexpo,Casino Gaming Products
Austgamingexpo,CBI Australia
Austgamingexpo,CCM TRAVEL
Austgamingexpo,Charters Paper
Austgamingexpo,Choice Paper
Austgamingexpo,Circle Solutions Group Pty Ltd
Austgamingexpo,Clarity Cru Wine Merchants
Austgamingexpo,Club Managers Association Australia
Austgamingexpo,ClubNet International
Austgamingexpo,ClubsNSW
Austgamingexpo,Cognitec Systems Pty Ltd
Austgamingexpo,Commercial Kitchen Company
Austgamingexpo,Compassify Pty Ltd
Austgamingexpo,Complete Beverage Services Pty Ltd
Austgamingexpo,Consillion
Austgamingexpo,Crane Payment Innovations
Austgamingexpo,Cubus Concepts Pty Ltd
Austgamingexpo,Daily Press
Austgamingexpo,Denton Projects (NSW) Pty Ltd
Austgamingexpo,Design Group (NSW) Pty Ltd
Austgamingexpo,Desspos Solutions
Austgamingexpo,Digital Signs Australia
Austgamingexpo,Display Me
Austgamingexpo,Ebet Gaming Systems
Austgamingexpo,Elag ast Australia
Austgamingexpo,Element Security
Austgamingexpo,Enviro-LCS
Austgamingexpo,ERM Online
Austgamingexpo,Escape Electronics
Austgamingexpo,Everi / ecash
Austgamingexpo,Exact Technologies Pty Ltd
Austgamingexpo,Exclusive Bus Hire Pty Ltd
Austgamingexpo,Ezycharge Australia Pty Ltd
Austgamingexpo,Finlease Equipment Finance
Austgamingexpo,Firelight Technologies – FMOD
Austgamingexpo,Freechoice Vending
Austgamingexpo,Freelease Tap & Play
Austgamingexpo,Gasser Chair Co Inc.
Austgamingexpo,Geutebruck Pty Limited
Austgamingexpo,GLI Australia
Austgamingexpo,Glory Global Solutions Australia
Austgamingexpo,Good Nuts
Austgamingexpo,Grenke Australia
Austgamingexpo,H & L POS
Austgamingexpo,h.i.Apps
Austgamingexpo,Harris Data Systems
Austgamingexpo,HC Group Australia
Austgamingexpo,Heart Of The Nation
Austgamingexpo,Hennessy Coffee
Austgamingexpo,Hikvision Australia Pty Ltd
Austgamingexpo,HOSTPLUS
Austgamingexpo,Hunter Technologies Pty Ltd
Austgamingexpo,"Hwasung System Co., Ltd"
Austgamingexpo,ICU Security Cameras
Austgamingexpo,Idealpos
Austgamingexpo,IDV Pacific
Austgamingexpo,IGT (Australia) Pty Ltd
Austgamingexpo,Impact Data
Austgamingexpo,Independent Gaming Pty Ltd
Austgamingexpo,Independent Liquor Group Co-operative
Austgamingexpo,INFINITePOS
Austgamingexpo,Infosign – Electronic Sign In System
Austgamingexpo,Innodisk Corporation
Austgamingexpo,J.L. Lennard
Austgamingexpo,JBN Sound Solutions Australia Pty Ltd
Austgamingexpo,JCM Global
Austgamingexpo,JEM
Austgamingexpo,Jensen Data Systems
Austgamingexpo,Jmac Graphics Pty Ltd
Austgamingexpo,Just Digital Signage
Austgamingexpo,KARI Aboriginal Procurement
Austgamingexpo,Karo Australia Pty Ltd
Austgamingexpo,KeyWatcher Australia
Austgamingexpo,Konami Australia Pty Ltd
Austgamingexpo,LBA/Gamesure
Austgamingexpo,Letizza Pizza Bases
Austgamingexpo,Light & Wonder
Austgamingexpo,Lighthouse Safety & Compliance
Austgamingexpo,Lightyear
Austgamingexpo,Little Wings
Austgamingexpo,Long Range Systems Australia
Austgamingexpo,McCann Construction and Property
Austgamingexpo,Melitta Professional Coffee Solutions
Austgamingexpo,Meridian Construction Services
Austgamingexpo,Meris Food Equipment
Austgamingexpo,Microelectronic Solutions
Austgamingexpo,Mint Furniture
Austgamingexpo,MJ Playgrounds
Austgamingexpo,My Three Beans / Mocopan Coffee
Austgamingexpo,Nanoptix Inc
Austgamingexpo,Next Payments Pty Ltd
Austgamingexpo,Nextrend Furniture
Austgamingexpo,Nufurn Commercial Furniture
Austgamingexpo,Obodo Commercial Furniture
Austgamingexpo,Paltronics Australasia
Austgamingexpo,PatronScan
Austgamingexpo,Paynter Dixon
Austgamingexpo,PhaT Sourcing
Austgamingexpo,Plantscaping Solutions
Austgamingexpo,Playtec – Indoor Commercial Playgrounds
Austgamingexpo,POSCOM Point of Sale
Austgamingexpo,PPC – Membership Card Printers
Austgamingexpo,Prefect Agencies
Austgamingexpo,Priestley’s Gourmet Delights
Austgamingexpo,Quantaco
Austgamingexpo,RDM Pizza Australia
Austgamingexpo,RedeemX Pty Ltd
Austgamingexpo,Rhinoplay
Austgamingexpo,Riva Ice Cream Dispensers
Austgamingexpo,Rohrig Constructions
Austgamingexpo,Roubler Australia Pty Ltd
Austgamingexpo,Russell Corporate Advisory
Austgamingexpo,S3F Consulate Finance / Charge Boss
Austgamingexpo,Scent Australia Pty Ltd
Austgamingexpo,Scent Central
Austgamingexpo,SCS Group
Austgamingexpo,Secom Technology
Austgamingexpo,SENPOS Point of Sale
Austgamingexpo,Sensaroma Atmospheric
Austgamingexpo,SICO South Pacific
Austgamingexpo,Signature Floorcoverings Pty Ltd
Austgamingexpo,Smart Exposure
Austgamingexpo,Smartlock Digital Safe Locks
Austgamingexpo,Solar Energy Enterprises Pty Ltd
Austgamingexpo,Southtrade International
Austgamingexpo,Sunblest Cleaning Services
Austgamingexpo,Swiftpos
Austgamingexpo,Tabcorp
Austgamingexpo,Table Top Innovations
Austgamingexpo,Tanda
Austgamingexpo,Task Retail Technology
Austgamingexpo,The Bright Group Pty Ltd
Austgamingexpo,The Christmas Tree Company
Austgamingexpo,The Lottery Corporation
Austgamingexpo,The Wallcovering Collective
Austgamingexpo,Thirsty Camel Bottleshops
Austgamingexpo,Transact Technologies
Austgamingexpo,UniPage
Austgamingexpo,Unique Signage Solutions
Austgamingexpo,Uplatform
Austgamingexpo,Utopia Gaming Systems
Austgamingexpo,VFJ Currency Management Equipment
Austgamingexpo,VITEC
Austgamingexpo,Whitcon P/L
Austgamingexpo,Wymac Gaming Solutions Pty Ltd
Austgamingexpo,Yumplicity Food Group
Austgamingexpo,Zembl
Austgamingexpo,Zummo Australia
KBB,20-20 Technologies Limited
KBB,3CAD
KBB,4WARDROBES - THE WARDROBE SPECIALISTS
KBB,AAPlus Precision
KBB,Access Walk-In Baths
KBB,Acquabella
KBB,AGA (Angela Griffin Associates)
KBB,Aga Rangemaster
KBB,Agoform GmbH
KBB,AGT
KBB,Akva-Rodos Ltd
KBB,"Anhui Dman Smart Home Co.,Ltd"
KBB,"Anhui Swanch Cabinetry Co.,Ltd"
KBB,Anthill Software
KBB,Aqua Vision
KBB,Aqualisa
KBB,Aqualla Brassware Ltd
KBB,Arcadia
KBB,Armac Martin
KBB,ArtiCAD Ltd
KBB,ASKO
KBB,autokitchen UK Ltd
KBB,Avonflow Sanitary Product Co.  Ltd
KBB,B-Fashion LTD
KBB,BA Components
KBB,Bariperfil sl
KBB,"Bathvo Sanitary Ware Co.,Ltd"
KBB,Bauformat Kuchen GmhH & Co.KG
KBB,"Bayen (Xiamen) Sanitary Ware Co., Ltd."
KBB,Beerwell Co
KBB,Berry Alloc NV
KBB,"Binli Bathroom Equipment Co.,Ltd"
KBB,BKU Magazine & Awards
KBB,Blum
KBB,Bocchi UK Ltd
KBB,BORA Vertriebs GmbH & Co KG
KBB,Brigitte Kuechen
KBB,Bunting Magnetics Europe Ltd.
KBB,Burnout Kuchen DoT GmbH & Co.KG
KBB,C-Tec N.I Limited
KBB,Ca' Pietra
KBB,CAD+T Software
KBB,Cangzhou Future Sanitary Ware Co Ltd
KBB,Caple
KBB,Carisa Radiators Ltd
KBB,Carlisle Brass Ltd
KBB,CDA Group Ltd
KBB,Cebi Design
KBB,Ceramica Impex
KBB,Changzhou Zhongtian
